{
  "model": "linear",
  "timestamp": "2026-06-15T15:44:12.250058+00:00",
  "lsb_per_y": 451.9655172413793,
  "fit_quality": {
    "rmse": 0.032093565514268896,
    "u_fitting": 0.032,
    "rmse_pre": 0.02620428651218053
  },
  "reference": {
    "ub_ref_y": 0.15
  },
  "sensor": {
    "ub_sensor_lsb": 2.9,
    "ub_sensor_lsb_per_step": [
      2.9,
      2.9,
      2.9,
      2.9,
      2.9,
      2.9
    ]
  },
  "expanded_uncertainties": [
    0.3713079312072752,
    0.341526514605463,
    0.3260653711762359,
    0.32649177014464115,
    0.34241317063436494,
    0.37542208400826416
  ],
  "temp_nominali": [
    0.0,
    25.0,
    50.0,
    75.0,
    100.0,
    125.0
  ],
  "ref_temp_means": [
    0.258249146875,
    25.14286285,
    49.66639189375,
    73.97829340000001,
    98.301705225,
    122.11914698846157
  ],
  "coefficients": {
    "A": 0.0025246767589006064,
    "B": -40.11172849920496,
    "u_A": 3.7423398731116964e-06,
    "u_B": 0.1623230037157279,
    "cov_AB": -5.621758943685016e-07
  },
  "old_coefficients": {
    "A": 0.0025246767589006064,
    "B": -40.11172849920496
  },
  "calibration_points": [
    {
      "point": 1,
      "t_nominal": 0.0,
      "T_ref": 0.258249146875,
      "T_sensor_post": 0.23761206866273454,
      "M_e_pre": -0.02063707821226546,
      "M_e_post": -0.02063707821226546,
      "U_exp": 0.3713079312072752,
      "uA_ref": 0.002481404954991345,
      "uA_sensor": 0.002020484089456818,
      "ub_uso": 0.10934877785256795,
      "u_fitting": 0.032,
      "u_ref": 0.15002052316450123,
      "u_sensor": 0.10936744293347085,
      "u_c": 0.1856539656036376
    },
    {
      "point": 2,
      "t_nominal": 25.0,
      "T_ref": 25.14286285,
      "T_sensor_post": 25.18888219378259,
      "M_e_pre": 0.04601934378258932,
      "M_e_post": 0.04601934378258932,
      "U_exp": 0.341526514605463,
      "uA_ref": 0.0028489879684889547,
      "uA_sensor": 0.003824536201141941,
      "ub_uso": 0.0814699099977436,
      "u_fitting": 0.032,
      "u_ref": 0.1500270533352055,
      "u_sensor": 0.08155963040741596,
      "u_c": 0.1707632573027315
    },
    {
      "point": 3,
      "t_nominal": 50.0,
      "T_ref": 49.66639189375,
      "T_sensor_post": 49.66487763120526,
      "M_e_pre": -0.0015142625447452929,
      "M_e_post": -0.0015142625447452929,
      "U_exp": 0.3260653711762359,
      "uA_ref": 0.0011561311499449453,
      "uA_sensor": 0.0011339913737493197,
      "ub_uso": 0.06385165616021647,
      "u_fitting": 0.032,
      "u_ref": 0.15000445539795101,
      "u_sensor": 0.06386172508504799,
      "u_c": 0.16303268558811795
    },
    {
      "point": 4,
      "t_nominal": 75.0,
      "T_ref": 73.97829340000001,
      "T_sensor_post": 73.94535715379722,
      "M_e_pre": -0.03293624620279445,
      "M_e_post": -0.03293624620279445,
      "U_exp": 0.32649177014464115,
      "uA_ref": 0.002220544253076036,
      "uA_sensor": 0.0024433910569508677,
      "ub_uso": 0.06432975995919962,
      "u_fitting": 0.032,
      "u_ref": 0.15001643515555177,
      "u_sensor": 0.0643761460190452,
      "u_c": 0.16324588507232057
    },
    {
      "point": 5,
      "t_nominal": 100.0,
      "T_ref": 98.301705225,
      "T_sensor_post": 98.29127083015888,
      "M_e_pre": -0.01043439484112696,
      "M_e_post": -0.01043439484112696,
      "U_exp": 0.34241317063436494,
      "uA_ref": 0.0019373857401098968,
      "uA_sensor": 0.0026416876757975258,
      "ub_uso": 0.08246795061529806,
      "u_fitting": 0.032,
      "u_ref": 0.1500125110232676,
      "u_sensor": 0.08251025022664578,
      "u_c": 0.17120658531718247
    },
    {
      "point": 6,
      "t_nominal": 125.0,
      "T_ref": 122.11914698846157,
      "T_sensor_post": 122.13864962647978,
      "M_e_pre": 0.01950263801820995,
      "M_e_post": 0.01950263801820995,
      "U_exp": 0.37542208400826416,
      "uA_ref": 0.020694997962899954,
      "uA_sensor": 0.019308832746728753,
      "ub_uso": 0.10924431942921091,
      "u_fitting": 0.032,
      "u_ref": 0.15142088013442673,
      "u_sensor": 0.11093760566008541,
      "u_c": 0.18771104200413208
    }
  ]
}