{
  "model": "steinhart",
  "timestamp": "2026-06-30T14:00:50.064656+00:00",
  "calibration_done": "done",
  "lsb_per_y": 451.9655172413793,
  "fit_quality": {
    "rmse": 0.13033995455179165,
    "u_fitting": 0.13033995455179165,
    "rmse_pre": 1148.2403943167196
  },
  "reference": {
    "ub_ref_y": 0.03
  },
  "sensor": {
    "ub_sensor_lsb": 0.3,
    "ub_sensor_lsb_per_step": [
      0.3,
      0.3,
      0.3,
      0.3,
      0.3,
      0.3,
      0.3,
      0.3
    ]
  },
  "expanded_uncertainties": [
    0.25535469296852953,
    0.07897821957913435,
    0.06207575834210558,
    0.060094202028582164,
    0.06005358630310369,
    0.060104093462596396,
    0.06041603496683953,
    0.06063935809633808
  ],
  "temp_nominali": [
    -20.0,
    -10.0,
    0.0,
    25.0,
    50.0,
    75.0,
    100.0,
    110.0
  ],
  "ref_temp_means": [
    -19.999982826086956,
    -9.999991875000001,
    -7.5000000000000044e-06,
    24.999974333333334,
    49.999975937500004,
    74.99996115384616,
    100.0,
    109.99997466666667
  ],
  "units": {
    "ref_temp_means": "\\si[]{\\degree_Celsius}",
    "expanded_uncertainties": "\\si[]{\\degree_Celsius}"
  },
  "coefficients": {
    "a": 0.000467281231917421,
    "b": 0.00025625983776254293,
    "c": -4.292018530650808e-08,
    "u_a": 0.3106768849754845,
    "u_b": 0.04284200124828979,
    "u_c": 0.00011105038717775061,
    "cov_theta": [
      [
        0.09652012685807043,
        -0.013272923158937534,
        3.386393101784364e-05
      ],
      [
        -0.013272923158937534,
        0.001835437070958464,
        -4.721679805993805e-06
      ],
      [
        3.386393101784364e-05,
        -4.721679805993805e-06,
        1.2332188492328318e-08
      ]
    ]
  },
  "old_coefficients": {
    "a": null,
    "b": null,
    "c": null
  },
  "preprocessing": {
    "formula": null,
    "R_arr": [
      1270987.7783043743,
      665778.25834459,
      368509.45832418883,
      101228.35513383127,
      34263.87297944134,
      13681.89143027378,
      6277.124801526659,
      4760.276088865511
    ],
    "ln_R_arr": [
      14.055304934314481,
      13.408711948655348,
      12.817221657376269,
      11.525134185659354,
      10.441846812174202,
      9.523828444066083,
      8.744667320472383,
      8.468060947405926
    ],
    "T_K_arr": [
      253.15001717391303,
      263.150008125,
      273.1499925,
      298.1499743333333,
      323.14997593749996,
      348.1499611538461,
      373.15,
      383.14997466666665
    ]
  },
  "calibration_points": [
    {
      "point": 1,
      "t_nominal": -20.0,
      "T_ref": -19.999982826086956,
      "T_sensor_post": 2772.1343992390975,
      "M_e_pre": 2792.1343820651846,
      "M_e_post": 0.019849929134643673,
      "U_exp": 0.25535469296852953,
      "uA_ref": 0.00015116080033559902,
      "uA_sensor": 0.12409862934743857,
      "u_fitting": 0.13033995455179165
    },
    {
      "point": 2,
      "t_nominal": -10.0,
      "T_ref": -9.999991875000001,
      "T_sensor_post": 1433.0731282515535,
      "M_e_pre": 1443.0731201265535,
      "M_e_post": 0.013177745610869707,
      "U_exp": 0.07897821957913435,
      "uA_ref": 0.00018240287084273627,
      "uA_sensor": 0.025668674744977846,
      "u_fitting": 0.13033995455179165
    },
    {
      "point": 3,
      "t_nominal": 0.0,
      "T_ref": -7.5000000000000044e-06,
      "T_sensor_post": 775.3486145877375,
      "M_e_pre": 775.3486220877376,
      "M_e_post": -0.03388356904830896,
      "U_exp": 0.06207575834210558,
      "uA_ref": 0.0001901255730207894,
      "uA_sensor": 0.007938434305340716,
      "u_fitting": 0.13033995455179165
    },
    {
      "point": 4,
      "t_nominal": 25.0,
      "T_ref": 24.999974333333334,
      "T_sensor_post": 183.97362469528548,
      "M_e_pre": 158.97365036195214,
      "M_e_post": -0.08783214736654799,
      "U_exp": 0.060094202028582164,
      "uA_ref": 0.000187567680906512,
      "uA_sensor": 0.0016029992759286696,
      "u_fitting": 0.13033995455179165
    },
    {
      "point": 5,
      "t_nominal": 50.0,
      "T_ref": 49.999975937500004,
      "T_sensor_post": 35.81081226854343,
      "M_e_pre": -14.189163668956574,
      "M_e_post": 0.03087937994261125,
      "U_exp": 0.06005358630310369,
      "uA_ref": 0.000181851713141593,
      "uA_sensor": 0.00107151981510763,
      "u_fitting": 0.13033995455179165
    },
    {
      "point": 6,
      "t_nominal": 75.0,
      "T_ref": 74.99996115384616,
      "T_sensor_post": -9.728019266198245,
      "M_e_pre": -84.7279804200444,
      "M_e_post": 0.18746417023155004,
      "U_exp": 0.060104093462596396,
      "uA_ref": 0.00019878650595711312,
      "uA_sensor": 0.0012157064801320092,
      "u_fitting": 0.13033995455179165
    },
    {
      "point": 7,
      "t_nominal": 100.0,
      "T_ref": 100.0,
      "T_sensor_post": -26.111496204755234,
      "M_e_pre": -126.11149620475524,
      "M_e_post": 0.05567908965429069,
      "U_exp": 0.06041603496683953,
      "uA_ref": 0.0001917780214826836,
      "uA_sensor": 0.0022370069190353115,
      "u_fitting": 0.13033995455179165
    },
    {
      "point": 8,
      "t_nominal": 110.0,
      "T_ref": 109.99997466666667,
      "T_sensor_post": -29.46761222422371,
      "M_e_pre": -139.46758689089037,
      "M_e_post": -0.19056692127264796,
      "U_exp": 0.06063935809633808,
      "uA_ref": 0.00018519389238672365,
      "uA_sensor": 0.0023725983761809146,
      "u_fitting": 0.13033995455179165
    }
  ]
}