{
  "model": "steinhart",
  "timestamp": "2026-06-30T23:32:43.439606+00:00",
  "calibration_done": "not_necessary",
  "lsb_per_y": 451.9655172413793,
  "fit_quality": {
    "rmse": 0.023712127017852903,
    "u_fitting": 0.023712127017852903,
    "rmse_pre": 0.018746082385907824
  },
  "reference": {
    "ub_ref_y": 0.03
  },
  "sensor": {
    "ub_sensor_lsb": 0.3,
    "ub_sensor_lsb_per_step": [
      0.3,
      0.3,
      0.3,
      0.3,
      0.3,
      0.3,
      0.3,
      0.3
    ]
  },
  "expanded_uncertainties": [
    0.07396577874094121,
    0.08488091424075651,
    0.09544279293028933,
    0.08245615960835202,
    0.08075712699413327,
    0.08426518666403557,
    0.07408276360268284,
    0.0894784417015189
  ],
  "temp_nominali": [
    -20.0,
    -10.0,
    0.0,
    25.0,
    50.0,
    75.0,
    100.0,
    110.0
  ],
  "ref_temp_means": [
    -19.999239130434777,
    -10.0000090625,
    -0.000506071428571428,
    25.000575086666668,
    49.9991384375,
    74.99979076923077,
    100.00059495666666,
    109.99977434333331
  ],
  "units": {
    "ref_temp_means": "\\si[]{\\degree_Celsius}",
    "expanded_uncertainties": "\\si[]{\\degree_Celsius}"
  },
  "coefficients": {
    "a": 0.0006098939965346051,
    "b": 0.00023822032643083801,
    "c": 1.5679724473113055e-09,
    "u_a": 0.30719999181460694,
    "u_b": 0.042578051212266675,
    "u_c": 0.00011137311714817981,
    "cov_theta": [
      [
        0.09437183497089457,
        -0.013042275557162981,
        3.3567385265608315e-05
      ],
      [
        -0.013042275557162981,
        0.0018128904450344036,
        -4.705598676024719e-06
      ],
      [
        3.3567385265608315e-05,
        -4.705598676024719e-06,
        1.2403971223302183e-08
      ]
    ]
  },
  "old_coefficients": {
    "a": 0.0006098939965346051,
    "b": 0.00023822032643083801,
    "c": 1.5679724473113055e-09
  },
  "preprocessing": {
    "formula": null,
    "R_arr": [
      1208963.6452536867,
      643452.2127242547,
      359707.80804109987,
      99789.46618624753,
      33613.609566919484,
      13241.978015342715,
      5914.207565912632,
      4411.115056282196
    ],
    "ln_R_arr": [
      14.00527405904861,
      13.374603041760027,
      12.793047336540418,
      11.510817907492847,
      10.42268631057656,
      9.491147215261597,
      8.68511279717776,
      8.39188278370994
    ],
    "T_K_arr": [
      253.1507608695652,
      263.1499909375,
      273.1494939285714,
      298.15057508666666,
      323.14913843749997,
      348.1497907692308,
      373.1505949566666,
      383.1497743433333
    ]
  },
  "calibration_points": [
    {
      "point": 1,
      "t_nominal": -20.0,
      "T_ref": -19.999239130434777,
      "T_sensor_post": -20.02019778382308,
      "M_e_pre": -0.02095865338830194,
      "M_e_post": -0.02095865338830194,
      "U_exp": 0.07396577874094121,
      "uA_ref": 0.0028493784540361603,
      "uA_sensor": 0.021363511751967244,
      "u_fitting": 0.023712127017852903
    },
    {
      "point": 2,
      "t_nominal": -10.0,
      "T_ref": -10.0000090625,
      "T_sensor_post": -9.974624411144703,
      "M_e_pre": 0.02538465135529755,
      "M_e_post": 0.02538465135529755,
      "U_exp": 0.08488091424075651,
      "uA_ref": 0.0011562369115249746,
      "uA_sensor": 0.029976386902217052,
      "u_fitting": 0.023712127017852903
    },
    {
      "point": 3,
      "t_nominal": 0.0,
      "T_ref": -0.000506071428571428,
      "T_sensor_post": 0.018750911920278668,
      "M_e_pre": 0.019256983348850096,
      "M_e_post": 0.019256983348850096,
      "U_exp": 0.09544279293028933,
      "uA_ref": 0.001937708385005809,
      "uA_sensor": 0.03705342210981432,
      "u_fitting": 0.023712127017852903
    },
    {
      "point": 4,
      "t_nominal": 25.0,
      "T_ref": 25.000575086666668,
      "T_sensor_post": 24.96624321734089,
      "M_e_pre": -0.03433186932577925,
      "M_e_post": -0.03433186932577925,
      "U_exp": 0.08245615960835202,
      "uA_ref": 0.004562850741118498,
      "uA_sensor": 0.02790474572847276,
      "u_fitting": 0.023712127017852903
    },
    {
      "point": 5,
      "t_nominal": 50.0,
      "T_ref": 49.9991384375,
      "T_sensor_post": 49.99718942762087,
      "M_e_pre": -0.0019490098791337118,
      "M_e_post": -0.0019490098791337118,
      "U_exp": 0.08075712699413327,
      "uA_ref": 0.0024806264631616953,
      "uA_sensor": 0.026906930213081357,
      "u_fitting": 0.023712127017852903
    },
    {
      "point": 6,
      "t_nominal": 75.0,
      "T_ref": 74.99979076923077,
      "T_sensor_post": 75.01289429389533,
      "M_e_pre": 0.013103524664558108,
      "M_e_post": 0.013103524664558108,
      "U_exp": 0.08426518666403557,
      "uA_ref": 0.00222089724347522,
      "uA_sensor": 0.02948808598733937,
      "u_fitting": 0.023712127017852903
    },
    {
      "point": 7,
      "t_nominal": 100.0,
      "T_ref": 100.00059495666666,
      "T_sensor_post": 99.99941788577252,
      "M_e_pre": -0.0011770708941440944,
      "M_e_post": -0.0011770708941440944,
      "U_exp": 0.07408276360268284,
      "uA_ref": 0.0049369381695117745,
      "uA_sensor": 0.021100092595337617,
      "u_fitting": 0.023712127017852903
    },
    {
      "point": 8,
      "t_nominal": 110.0,
      "T_ref": 109.99977434333331,
      "T_sensor_post": 110.00090748460394,
      "M_e_pre": 0.0011331412706283572,
      "M_e_post": 0.0011331412706283572,
      "U_exp": 0.0894784417015189,
      "uA_ref": 0.004691771804946434,
      "uA_sensor": 0.03279045701812577,
      "u_fitting": 0.023712127017852903
    }
  ]
}