{
  "model": "linear",
  "timestamp": "2026-07-06T15:09:12.075226+00:00",
  "calibration_done": "done",
  "lsb_per_y": 451.9655172413793,
  "fit_quality": {
    "rmse": 6.857141978025054,
    "u_fitting": 0.032,
    "rmse_pre": 1129260.3586788403
  },
  "reference": {
    "ub_ref_y": 0.03
  },
  "sensor": {
    "ub_sensor_lsb": 2.9,
    "ub_sensor_lsb_per_step": [
      2.9,
      2.9,
      2.9,
      2.9,
      2.9,
      2.9,
      2.9,
      2.9
    ]
  },
  "expanded_uncertainties": [
    0.061932140446555074,
    0.06816625217809867,
    0.08422965911488726,
    0.09906735660587737,
    0.09167267170891225,
    0.07508222688888777,
    0.06289381603746179,
    0.06352325053616703
  ],
  "temp_nominali": [
    -20.0,
    -10.0,
    0.0,
    25.0,
    50.0,
    75.0,
    100.0,
    110.0
  ],
  "ref_temp_means": [
    -19.999239130434777,
    -10.0000090625,
    -0.000506071428571428,
    25.000575086666668,
    49.9991384375,
    74.99979076923077,
    100.00059495666666,
    109.99977434333331
  ],
  "units": {
    "ref_temp_means": "\\si[]{\\degree_Celsius}",
    "expanded_uncertainties": "\\si[]{\\degree_Celsius}",
    "A": "\\si[]{\\degree_Celsius}",
    "B": "\\si[]{\\degree_Celsius}",
    "u_B": "\\si[]{\\degree_Celsius}"
  },
  "coefficients": {
    "A": 0.002032710676652935,
    "B": -21.522407348726325,
    "u_A": 5.575765007049235e-07,
    "u_B": 0.02260395910119906,
    "cov_AB": -1.0003522709512385e-08
  },
  "old_coefficients": {
    "A": -29.335209193678168,
    "B": 0.004350349236406231
  },
  "calibration_points": [
    {
      "point": 1,
      "t_nominal": -20.0,
      "T_ref": -19.999239130434777,
      "T_sensor_post": -76420.11601056058,
      "M_e_pre": -76400.11677143014,
      "M_e_post": 3.7721747786897026,
      "U_exp": 0.061932140446555074,
      "uA_ref": 0.0028493784540361603,
      "uA_sensor": 0.007095835969593863,
      "u_c": 0.030966070223277537
    },
    {
      "point": 2,
      "t_nominal": -10.0,
      "T_ref": -10.0000090625,
      "T_sensor_post": -138717.97690072766,
      "M_e_pre": -138707.97689166517,
      "M_e_post": -1.9102792905461463,
      "U_exp": 0.06816625217809867,
      "uA_ref": 0.0011562369115249746,
      "uA_sensor": 0.01612125742041279,
      "u_c": 0.034083126089049336
    },
    {
      "point": 3,
      "t_nominal": 0.0,
      "T_ref": -0.000506071428571428,
      "T_sensor_post": -234794.1278188921,
      "M_e_pre": -234794.12731282067,
      "M_e_post": -5.252423322501706,
      "U_exp": 0.08422965911488726,
      "uA_ref": 0.001937708385005809,
      "uA_sensor": 0.029486886839338564,
      "u_c": 0.04211482955744363
    },
    {
      "point": 4,
      "t_nominal": 25.0,
      "T_ref": 25.000575086666668,
      "T_sensor_post": -641876.7946855561,
      "M_e_pre": -641901.7952606428,
      "M_e_post": -2.0457191616995836,
      "U_exp": 0.09906735660587737,
      "uA_ref": 0.004562850741118498,
      "uA_sensor": 0.03914508934645628,
      "u_c": 0.049533678302938686
    },
    {
      "point": 5,
      "t_nominal": 50.0,
      "T_ref": 49.9991384375,
      "T_sensor_post": -1149692.7443850331,
      "M_e_pre": -1149742.7435234706,
      "M_e_post": 8.143566188789066,
      "U_exp": 0.09167267170891225,
      "uA_ref": 0.0024806264631616953,
      "uA_sensor": 0.03455992646869367,
      "u_c": 0.04583633585445612
    },
    {
      "point": 6,
      "t_nominal": 75.0,
      "T_ref": 74.99979076923077,
      "T_sensor_post": -1519965.7468136784,
      "M_e_pre": -1520040.7466044477,
      "M_e_post": 8.800064632558673,
      "U_exp": 0.07508222688888777,
      "uA_ref": 0.00222089724347522,
      "uA_sensor": 0.02244939096481865,
      "u_c": 0.037541113444443885
    },
    {
      "point": 7,
      "t_nominal": 100.0,
      "T_ref": 100.00059495666666,
      "T_sensor_post": -1719140.4321688467,
      "M_e_pre": -1719240.4327638033,
      "M_e_post": -2.3994229606294795,
      "U_exp": 0.06289381603746179,
      "uA_ref": 0.0049369381695117745,
      "uA_sensor": 0.008006685085457708,
      "u_c": 0.031446908018730894
    },
    {
      "point": 8,
      "t_nominal": 110.0,
      "T_ref": 109.99977434333331,
      "T_sensor_post": -1766629.5595607774,
      "M_e_pre": -1766739.5593351207,
      "M_e_post": -9.107960864660583,
      "U_exp": 0.06352325053616703,
      "uA_ref": 0.004691771804946434,
      "uA_sensor": 0.00929303274551547,
      "u_c": 0.031761625268083515
    }
  ]
}