{
  "model": "cubic",
  "timestamp": "2026-06-30T22:30:55.034601+00:00",
  "calibration_done": "done",
  "lsb_per_y": 451.9655172413793,
  "fit_quality": {
    "rmse": 1.8316421413736044,
    "u_fitting": 1.8316421413736044,
    "rmse_pre": 14.811061331605039
  },
  "reference": {
    "ub_ref_y": 0.03
  },
  "sensor": {
    "ub_sensor_lsb": 2.9,
    "ub_sensor_lsb_per_step": [
      2.9,
      2.9,
      2.9,
      2.9,
      2.9,
      2.9,
      2.9,
      2.9
    ]
  },
  "expanded_uncertainties": [
    0.06591255923110292,
    0.08074826724303995,
    0.10202511656057141,
    0.08007965118464525,
    0.07954785734670418,
    0.09068700112865889,
    0.07001979788822013,
    0.07477379844731698
  ],
  "temp_nominali": [
    -20.0,
    -10.0,
    0.0,
    25.0,
    50.0,
    75.0,
    100.0,
    110.0
  ],
  "ref_temp_means": [
    -19.999239130434777,
    -10.0000090625,
    -0.000506071428571428,
    25.000575086666668,
    49.9991384375,
    74.99979076923077,
    100.00059495666666,
    109.99977434333331
  ],
  "units": {
    "ref_temp_means": "\\si[]{\\degree_Celsius}",
    "expanded_uncertainties": "\\si[]{\\degree_Celsius}",
    "a0": "\\si[]{\\degree_Celsius}",
    "a1": "\\si[]{\\degree_Celsius}",
    "a2": "\\si[]{\\degree_Celsius}",
    "a3": "\\si[]{\\degree_Celsius}"
  },
  "coefficients": {
    "a0": -29.35896045917433,
    "a1": 0.004353044935863442,
    "a2": -1.0949511291233241e-07,
    "a3": 1.249635107434317e-12,
    "u_a0": 0.04439023039588671,
    "u_a1": 8.586752210219069e-06,
    "u_a2": 3.3671896997654924e-10,
    "u_a3": 3.5157968595591946e-15,
    "cov_theta": [
      [
        0.001970492554599904,
        -3.1838200309326345e-07,
        1.1096733078761031e-11,
        -1.0639860988330726e-16
      ],
      [
        -3.1838200309326345e-07,
        7.373231351970205e-11,
        -2.8165839874317467e-15,
        2.8183911559760166e-20
      ],
      [
        1.1096733078761031e-11,
        -2.8165839874317467e-15,
        1.1337966474206826e-19,
        -1.171667915131139e-24
      ],
      [
        -1.0639860988330726e-16,
        2.8183911559760166e-20,
        -1.171667915131139e-24,
        1.2360827557686295e-29
      ]
    ]
  },
  "old_coefficients": {
    "a0": 0.000467281231917421,
    "a1": 0.00025625983776254293,
    "a2": -4.292018530650808e-08,
    "a3": null
  },
  "calibration_points": [
    {
      "point": 1,
      "t_nominal": -20.0,
      "T_ref": -19.999239130434777,
      "T_sensor_post": -34.23614261877988,
      "M_e_pre": -14.236903488345103,
      "M_e_post": 1.2592613918305808,
      "U_exp": 0.06591255923110292,
      "uA_ref": 0.0028493784540361603,
      "uA_sensor": 0.013293068426101106,
      "u_fitting": 1.8316421413736044
    },
    {
      "point": 2,
      "t_nominal": -10.0,
      "T_ref": -10.0000090625,
      "T_sensor_post": -29.537432598039217,
      "M_e_pre": -19.53742353553922,
      "M_e_post": -1.0908855197191176,
      "U_exp": 0.08074826724303995,
      "uA_ref": 0.0011562369115249746,
      "uA_sensor": 0.026975662390314965,
      "u_fitting": 1.8316421413736044
    },
    {
      "point": 3,
      "t_nominal": 0.0,
      "T_ref": -0.000506071428571428,
      "T_sensor_post": -22.29105260002834,
      "M_e_pre": -22.29054652859977,
      "M_e_post": -0.8910787406852663,
      "U_exp": 0.10202511656057141,
      "uA_ref": 0.001937708385005809,
      "uA_sensor": 0.041204013298228995,
      "u_fitting": 1.8316421413736044
    },
    {
      "point": 4,
      "t_nominal": 25.0,
      "T_ref": 25.000575086666668,
      "T_sensor_post": 8.412464001424176,
      "M_e_pre": -16.588111085242492,
      "M_e_post": 1.556610789867353,
      "U_exp": 0.08007965118464525,
      "uA_ref": 0.004562850741118498,
      "uA_sensor": 0.02611764564419336,
      "u_fitting": 1.8316421413736044
    },
    {
      "point": 5,
      "t_nominal": 50.0,
      "T_ref": 49.9991384375,
      "T_sensor_post": 46.71361684119172,
      "M_e_pre": -3.2855215963082784,
      "M_e_post": -1.712825336347798,
      "U_exp": 0.07954785734670418,
      "uA_ref": 0.0024806264631616953,
      "uA_sensor": 0.025991033335874072,
      "u_fitting": 1.8316421413736044
    },
    {
      "point": 6,
      "t_nominal": 75.0,
      "T_ref": 74.99979076923077,
      "T_sensor_post": 74.64082721505241,
      "M_e_pre": -0.35896355417835935,
      "M_e_post": 1.0584401808673363,
      "U_exp": 0.09068700112865889,
      "uA_ref": 0.00222089724347522,
      "uA_sensor": 0.03391506249498155,
      "u_fitting": 1.8316421413736044
    },
    {
      "point": 7,
      "t_nominal": 100.0,
      "T_ref": 100.00059495666666,
      "T_sensor_post": 89.66323852394393,
      "M_e_pre": -10.337356432722729,
      "M_e_post": 1.205738970514929,
      "U_exp": 0.07001979788822013,
      "uA_ref": 0.0049369381695117745,
      "uA_sensor": 0.017309737183957643,
      "u_fitting": 1.8316421413736044
    },
    {
      "point": 8,
      "t_nominal": 110.0,
      "T_ref": 109.99977434333331,
      "T_sensor_post": 93.24502505022758,
      "M_e_pre": -16.754749293105732,
      "M_e_post": -1.38526173648674,
      "U_exp": 0.07477379844731698,
      "uA_ref": 0.004691771804946434,
      "uA_sensor": 0.02176683528882313,
      "u_fitting": 1.8316421413736044
    }
  ]
}