{
  "model": "quadratic",
  "timestamp": "2026-07-01T14:02:07.664747+00:00",
  "calibration_done": "done",
  "lsb_per_y": 451.9655172413793,
  "fit_quality": {
    "rmse": 6.645180444133356,
    "u_fitting": 6.645180444133356,
    "rmse_pre": 141.9740413487094
  },
  "reference": {
    "ub_ref_y": 0.03
  },
  "sensor": {
    "ub_sensor_lsb": 2.9,
    "ub_sensor_lsb_per_step": [
      2.9,
      2.9,
      2.9,
      2.9,
      2.9,
      2.9,
      2.9,
      2.9
    ]
  },
  "expanded_uncertainties": [
    0.061169740568932124,
    0.06477248321997543,
    0.07582786340453701,
    0.09375513566378464,
    0.09559207073586094,
    0.08053000360290288,
    0.06406172947175758,
    0.0651758431972697
  ],
  "temp_nominali": [
    -20.0,
    -10.0,
    0.0,
    25.0,
    50.0,
    75.0,
    100.0,
    110.0
  ],
  "ref_temp_means": [
    -19.999239130434777,
    -10.0000090625,
    -0.000506071428571428,
    25.000575086666668,
    49.9991384375,
    74.99979076923077,
    100.00059495666666,
    109.99977434333331
  ],
  "coefficients": {
    "a0": -17.273737489972802,
    "a1": 0.00144043982275589,
    "a2": 9.476442516707628e-09,
    "u_a0": 0.02832376533290032,
    "u_a1": 3.111217463377507e-06,
    "u_a2": 4.8915317630578265e-11,
    "cov_theta": [
      [
        0.0008022356826332059,
        -6.647047550570424e-08,
        9.151009995172052e-13
      ],
      [
        -6.647047550570424e-08,
        9.679674104425169e-12,
        -1.4977921248122463e-16
      ],
      [
        9.151009995172052e-13,
        -1.4977921248122463e-16,
        2.3927082989003608e-21
      ]
    ]
  },
  "old_coefficients": {
    "a0": 0.000467281231917421,
    "a1": 0.00025625983776254293,
    "a2": -4.292018530650808e-08
  },
  "calibration_points": [
    {
      "point": 1,
      "t_nominal": -20.0,
      "T_ref": -19.999239130434777,
      "T_sensor_post": 0.3767688228004336,
      "M_e_pre": 20.37600795323521,
      "M_e_post": 6.542251268523824,
      "U_exp": 0.061169740568932124,
      "uA_ref": 0.0028493784540361603,
      "uA_sensor": 0.005200676632281374,
      "u_fitting": 6.645180444133356
    },
    {
      "point": 2,
      "t_nominal": -10.0,
      "T_ref": -10.0000090625,
      "T_sensor_post": 0.2525189757991009,
      "M_e_pre": 10.2525280382991,
      "M_e_post": -0.2503915389940605,
      "U_exp": 0.06477248321997543,
      "uA_ref": 0.0011562369115249746,
      "uA_sensor": 0.012134798618102896,
      "u_fitting": 6.645180444133356
    },
    {
      "point": 3,
      "t_nominal": 0.0,
      "T_ref": -0.000506071428571428,
      "T_sensor_post": -0.6979967181961468,
      "M_e_pre": -0.6974906467675754,
      "M_e_post": -5.13711708930195,
      "U_exp": 0.07582786340453701,
      "uA_ref": 0.001937708385005809,
      "uA_sensor": 0.023095820589494213,
      "u_fitting": 6.645180444133356
    },
    {
      "point": 4,
      "t_nominal": 25.0,
      "T_ref": 25.000575086666668,
      "T_sensor_post": -14.941176347428339,
      "M_e_pre": -39.94175143409501,
      "M_e_post": -6.219372289941848,
      "U_exp": 0.09375513566378464,
      "uA_ref": 0.004562850741118498,
      "uA_sensor": 0.03572557388181005,
      "u_fitting": 6.645180444133356
    },
    {
      "point": 5,
      "t_nominal": 50.0,
      "T_ref": 49.9991384375,
      "T_sensor_post": -55.88080097187741,
      "M_e_pre": -105.87993940937741,
      "M_e_post": 3.7358288261658785,
      "U_exp": 0.09559207073586094,
      "uA_ref": 0.0024806264631616953,
      "uA_sensor": 0.03711909140904286,
      "u_fitting": 6.645180444133356
    },
    {
      "point": 6,
      "t_nominal": 75.0,
      "T_ref": 74.99979076923077,
      "T_sensor_post": -101.94784914201483,
      "M_e_pre": -176.9476399112456,
      "M_e_post": 7.802011950110099,
      "U_exp": 0.08053000360290288,
      "uA_ref": 0.00222089724347522,
      "uA_sensor": 0.026753796488782476,
      "u_fitting": 6.645180444133356
    },
    {
      "point": 7,
      "t_nominal": 100.0,
      "T_ref": 100.00059495666666,
      "T_sensor_post": -132.38472085590772,
      "M_e_pre": -232.3853158125744,
      "M_e_post": -0.31438331049004375,
      "U_exp": 0.06406172947175758,
      "uA_ref": 0.0049369381695117745,
      "uA_sensor": 0.01004874338346596,
      "u_fitting": 6.645180444133356
    },
    {
      "point": 8,
      "t_nominal": 110.0,
      "T_ref": 109.99977434333331,
      "T_sensor_post": -140.22599862613004,
      "M_e_pre": -250.22577296946335,
      "M_e_post": -6.158827816076567,
      "U_exp": 0.0651758431972697,
      "uA_ref": 0.004691771804946434,
      "uA_sensor": 0.011803435676184566,
      "u_fitting": 6.645180444133356
    }
  ]
}