{
  "model": "steinhart",
  "timestamp": "2026-07-09T20:47:58.337151+00:00",
  "calibration_done": "done",
  "lsb_per_y": 451.9655172413793,
  "fit_quality": {
    "rmse": 0.02981856410334215,
    "u_fitting": 0.02981856410334215,
    "rmse_pre": 0.40279179083332944
  },
  "reference": {
    "ub_ref_y": 0.03
  },
  "sensor": {
    "ub_sensor_lsb": 0.3,
    "ub_sensor_lsb_per_step": [
      0.3,
      0.3,
      0.3,
      0.3,
      0.3,
      0.3,
      0.3,
      0.3,
      0.3,
      0.3,
      0.3,
      0.3,
      0.3
    ]
  },
  "expanded_uncertainties": [
    0.07648164305181736,
    0.07451071684485919,
    0.07827537665392846,
    0.0804036080956743,
    0.07696289177575535,
    0.07343711349298485,
    0.07381753213608698,
    0.09074828230655035,
    0.10168798456812936,
    0.07350116128626256,
    0.08501483175164869,
    0.07728015559111498,
    0.09046018328562129
  ],
  "temp_nominali": [
    -20.0,
    -10.0,
    0.0,
    10.0,
    20.0,
    30.0,
    40.0,
    50.0,
    60.0,
    70.0,
    80.0,
    90.0,
    100.0
  ],
  "ref_temp_means": [
    -20.0000090625,
    -10.0000090625,
    -0.0008615625000000008,
    9.999790769230769,
    19.99949392857143,
    30.000760869565216,
    39.99949392857143,
    49.999790769230785,
    59.999138437499994,
    70.00076086956523,
    80.00059495666666,
    89.99977434333333,
    99.99949392857141
  ],
  "units": {
    "ref_temp_means": "\\si[]{\\degree_Celsius}",
    "expanded_uncertainties": "\\si[]{\\degree_Celsius}"
  },
  "coefficients": {
    "a": 0.0005983542089056319,
    "b": 0.0002400726129773291,
    "c": -1.6489660681646012e-09,
    "u_a": 0.29090761893211925,
    "u_b": 0.03938211612892991,
    "u_c": 0.00010148191407256077,
    "cov_theta": [
      [
        0.08462724275275511,
        -0.01142810736987772,
        2.895784198252998e-05
      ],
      [
        -0.01142810736987772,
        0.0015509510707925212,
        -3.963202405953022e-06
      ],
      [
        2.895784198252998e-05,
        -3.963202405953022e-06,
        1.0298578883830606e-08
      ]
    ]
  },
  "old_coefficients": {
    "a": 0.0006098939965346051,
    "b": 0.00023822032643083801,
    "c": 1.5679724473113055e-09
  },
  "preprocessing": {
    "formula": null,
    "R_arr": [
      1179802.1372150052,
      629382.0588589299,
      352492.3433447138,
      205004.75980851596,
      123800.79921643545,
      77433.52184547074,
      49988.75780657975,
      32981.659382302045,
      22440.606137113682,
      15579.087012554843,
      11037.24586190561,
      7955.657681559754,
      5851.829917071938
    ],
    "ln_R_arr": [
      13.980857302055663,
      13.352493758056704,
      12.772784179990651,
      12.230788476429124,
      11.726429094918059,
      11.257175064596305,
      10.819553415260707,
      10.403706909653847,
      10.018627370729659,
      9.653684717743307,
      9.309030819678222,
      8.98163861259769,
      8.674509697649283
    ],
    "T_K_arr": [
      253.14999093749998,
      263.1499909375,
      273.14913843749997,
      283.1497907692307,
      293.1494939285714,
      303.1507608695652,
      313.1494939285714,
      323.1497907692308,
      333.14913843749997,
      343.1507608695652,
      353.1505949566666,
      363.1497743433333,
      373.14949392857136
    ]
  },
  "calibration_points": [
    {
      "point": 1,
      "t_nominal": -20.0,
      "T_ref": -20.0000090625,
      "T_sensor_post": -19.64550817139741,
      "M_e_pre": 0.35450089110258887,
      "M_e_post": -0.0026688490601713966,
      "U_exp": 0.07648164305181736,
      "uA_ref": 0.0011562369115249518,
      "uA_sensor": 0.023620874019476046,
      "u_fitting": 0.02981856410334215
    },
    {
      "point": 2,
      "t_nominal": -10.0,
      "T_ref": -10.0000090625,
      "T_sensor_post": -9.608037214467174,
      "M_e_pre": 0.39197184803282603,
      "M_e_post": 0.008129559821044907,
      "U_exp": 0.07451071684485919,
      "uA_ref": 0.0011562369115249746,
      "uA_sensor": 0.022031709531067454,
      "u_fitting": 0.02981856410334215
    },
    {
      "point": 3,
      "t_nominal": 0.0,
      "T_ref": -0.0008615625000000008,
      "T_sensor_post": 0.38059532168955457,
      "M_e_pre": 0.3814568841895546,
      "M_e_post": -0.023133603486548273,
      "U_exp": 0.07827537665392846,
      "uA_ref": 0.002480626463161994,
      "uA_sensor": 0.02499999119488861,
      "u_fitting": 0.02981856410334215
    },
    {
      "point": 4,
      "t_nominal": 10.0,
      "T_ref": 9.999790769230769,
      "T_sensor_post": 10.426505342922553,
      "M_e_pre": 0.42671457369178434,
      "M_e_post": 0.006817449642115392,
      "U_exp": 0.0804036080956743,
      "uA_ref": 0.002220897243475042,
      "uA_sensor": 0.02666236644451783,
      "u_fitting": 0.02981856410334215
    },
    {
      "point": 5,
      "t_nominal": 20.0,
      "T_ref": 19.99949392857143,
      "T_sensor_post": 20.458486323380384,
      "M_e_pre": 0.4589923948089556,
      "M_e_post": 0.029141678523853187,
      "U_exp": 0.07696289177575535,
      "uA_ref": 0.0019377083850058128,
      "uA_sensor": 0.024016411002979104,
      "u_fitting": 0.02981856410334215
    },
    {
      "point": 6,
      "t_nominal": 30.0,
      "T_ref": 30.000760869565216,
      "T_sensor_post": 30.44897954991768,
      "M_e_pre": 0.4482186803524648,
      "M_e_post": 0.013549786661041452,
      "U_exp": 0.07343711349298485,
      "uA_ref": 0.002849378454036255,
      "uA_sensor": 0.02097343068889133,
      "u_fitting": 0.02981856410334215
    },
    {
      "point": 7,
      "t_nominal": 40.0,
      "T_ref": 39.99949392857143,
      "T_sensor_post": 40.39670862992591,
      "M_e_pre": 0.39721470135447845,
      "M_e_post": -0.037373758147843716,
      "U_exp": 0.07381753213608698,
      "uA_ref": 0.0019377083850057738,
      "uA_sensor": 0.021406723585176507,
      "u_fitting": 0.02981856410334215
    },
    {
      "point": 8,
      "t_nominal": 50.0,
      "T_ref": 49.999790769230785,
      "T_sensor_post": 50.47102463487579,
      "M_e_pre": 0.47123386564500436,
      "M_e_post": 0.04153329434917907,
      "U_exp": 0.09074828230655035,
      "uA_ref": 0.0022208972434750946,
      "uA_sensor": 0.0339644693768445,
      "u_fitting": 0.02981856410334215
    },
    {
      "point": 9,
      "t_nominal": 60.0,
      "T_ref": 59.999138437499994,
      "T_sensor_post": 60.39330661429119,
      "M_e_pre": 0.3941681767911973,
      "M_e_post": -0.026123677421480807,
      "U_exp": 0.10168798456812936,
      "uA_ref": 0.002480626463162177,
      "uA_sensor": 0.040970412828523727,
      "u_fitting": 0.02981856410334215
    },
    {
      "point": 10,
      "t_nominal": 70.0,
      "T_ref": 70.00076086956523,
      "T_sensor_post": 70.37355110284705,
      "M_e_pre": 0.37279023328181893,
      "M_e_post": -0.033556188907311935,
      "U_exp": 0.07350116128626256,
      "uA_ref": 0.0028493784540360658,
      "uA_sensor": 0.02102218446707279,
      "u_fitting": 0.02981856410334215
    },
    {
      "point": 11,
      "t_nominal": 80.0,
      "T_ref": 80.00059495666666,
      "T_sensor_post": 80.36188050439193,
      "M_e_pre": 0.36128554772527366,
      "M_e_post": -0.02670849203117598,
      "U_exp": 0.08501483175164869,
      "uA_ref": 0.0049369381695117745,
      "uA_sensor": 0.029692323385943985,
      "u_fitting": 0.02981856410334215
    },
    {
      "point": 12,
      "t_nominal": 90.0,
      "T_ref": 89.99977434333333,
      "T_sensor_post": 90.40189415401011,
      "M_e_pre": 0.4021198106767798,
      "M_e_post": 0.03691061409411134,
      "U_exp": 0.07728015559111498,
      "uA_ref": 0.004691771804946999,
      "uA_sensor": 0.023865809670247373,
      "u_fitting": 0.02981856410334215
    },
    {
      "point": 13,
      "t_nominal": 100.0,
      "T_ref": 99.99949392857141,
      "T_sensor_post": 100.35197779601032,
      "M_e_pre": 0.3524838674389059,
      "M_e_post": 0.014062934439181163,
      "U_exp": 0.09046018328562129,
      "uA_ref": 0.0019377083850057753,