{
  "model": "steinhart",
  "timestamp": "2026-06-26T15:55:14.864607+00:00",
  "calibration_done": "done",
  "lsb_per_y": 451.9655172413793,
  "fit_quality": {
    "rmse": 0.024591944644298015,
    "u_fitting": 0.024591944644298015,
    "rmse_pre": 317.9638214775445
  },
  "reference": {
    "ub_ref_y": 0.03
  },
  "sensor": {
    "ub_sensor_lsb": 0.3,
    "ub_sensor_lsb_per_step": [
      0.3,
      0.3,
      0.3,
      0.3,
      0.3,
      0.3,
      0.3,
      0.3
    ]
  },
  "expanded_uncertainties": [
    0.07758993948527777,
    0.09390630427047245,
    0.11778890300260637,
    0.32165788619729463,
    0.060207535773624594,
    0.060166958304352036,
    0.0608097588162596,
    0.06073206915635342
  ],
  "temp_nominali": [
    -20.0,
    -10.0,
    0.0,
    25.0,
    50.0,
    75.0,
    100.0,
    110.0
  ],
  "ref_temp_means": [
    -19.999239130434777,
    -10.0000090625,
    -0.000506071428571428,
    25.000575086666668,
    49.9991384375,
    74.99979076923077,
    100.00059495666666,
    109.99977434333331
  ],
  "coefficients": {
    "a": 0.005944072038224571,
    "b": -0.00023948131929443675,
    "c": 1.6636576731003505e-09,
    "u_a": 0.3089808168405692,
    "u_b": 0.04270626634033111,
    "u_c": 0.00011123269711774036,
    "cov_theta": [
      [
        0.09546914517546537,
        -0.013155933184444149,
        3.3710765953299926e-05
      ],
      [
        -0.013155933184444149,
        0.0018238251847312982,
        -4.714027982212061e-06
      ],
      [
        3.3710765953299926e-05,
        -4.714027982212061e-06,
        1.2372712908086965e-08
      ]
    ]
  },
  "old_coefficients": {
    "a": -17.272903124977127,
    "b": 0.0014403145412440537,
    "c": 9.478164920551e-09
  },
  "preprocessing": {
    "formula": null,
    "R_arr": [
      4139.66813232088,
      7777.3759162338565,
      13912.959728444537,
      50132.71274660881,
      148815.3226324703,
      377738.4467762582,
      845622.7644857623,
      1133758.42167275
    ],
    "ln_R_arr": [
      8.328370902331123,
      8.958974274447653,
      9.540576039310594,
      10.822429023028592,
      11.91046137076018,
      12.841957295355584,
      13.647828634280058,
      13.941048708540675
    ],
    "T_K_arr": [
      253.1507608695652,
      263.1499909375,
      273.1494939285714,
      298.15057508666666,
      323.14913843749997,
      348.1497907692308,
      373.1505949566666,
      383.1497743433333
    ]
  },
  "calibration_points": [
    {
      "point": 1,
      "t_nominal": -20.0,
      "T_ref": -19.999239130434777,
      "T_sensor_post": -273.2079343993612,
      "M_e_pre": -253.20869526892642,
      "M_e_post": -0.021054605977322893,
      "U_exp": 0.07758993948527777,
      "uA_ref": 0.0028493784540361603,
      "uA_sensor": 0.02440043797282675,
      "u_fitting": 0.024591944644298015
    },
    {
      "point": 2,
      "t_nominal": -10.0,
      "T_ref": -10.0000090625,
      "T_sensor_post": -273.20793745252377,
      "M_e_pre": -263.20792839002377,
      "M_e_post": 0.024431432480527704,
      "U_exp": 0.09390630427047245,
      "uA_ref": 0.0011562369115249746,
      "uA_sensor": 0.03609181017892588,
      "u_fitting": 0.024591944644298015
    },
    {
      "point": 3,
      "t_nominal": 0.0,
      "T_ref": -0.000506071428571428,
      "T_sensor_post": -273.20794026932464,
      "M_e_pre": -273.2074341978961,
      "M_e_post": 0.02028639760380838,
      "U_exp": 0.11778890300260637,
      "uA_ref": 0.001937708385005809,
      "uA_sensor": 0.050640449846445994,
      "u_fitting": 0.024591944644298015
    },
    {
      "point": 4,
      "t_nominal": 25.0,
      "T_ref": 25.000575086666668,
      "T_sensor_post": -273.2079464807631,
      "M_e_pre": -298.2085215674298,
      "M_e_post": -0.03566934974376679,
      "U_exp": 0.32165788619729463,
      "uA_ref": 0.004562850741118498,
      "uA_sensor": 0.157938493175382,
      "u_fitting": 0.024591944644298015
    },
    {
      "point": 5,
      "t_nominal": 50.0,
      "T_ref": 49.9991384375,
      "T_sensor_post": -273.2079517567044,
      "M_e_pre": -323.2070901942044,
      "M_e_post": -0.000373120007175487,
      "U_exp": 0.060207535773624594,
      "uA_ref": 0.0024806264631616953,
      "uA_sensor": 0.0,
      "u_fitting": 0.024591944644298015
    },
    {
      "point": 6,
      "t_nominal": 75.0,
      "T_ref": 74.99979076923077,
      "T_sensor_post": -273.20795627648414,
      "M_e_pre": -348.2077470457149,
      "M_e_post": 0.017011884335346394,
      "U_exp": 0.060166958304352036,
      "uA_ref": 0.00222089724347522,
      "uA_sensor": 0.0,
      "u_fitting": 0.024591944644298015
    },
    {
      "point": 7,
      "t_nominal": 100.0,
      "T_ref": 100.00059495666666,
      "T_sensor_post": -273.2079601889924,
      "M_e_pre": -373.20855514565903,
      "M_e_post": -0.002509767478116487,
      "U_exp": 0.0608097588162596,
      "uA_ref": 0.0049369381695117745,
      "uA_sensor": 0.0,
      "u_fitting": 0.024591944644298015
    },
    {
      "point": 8,
      "t_nominal": 110.0,
      "T_ref": 109.99977434333331,
      "T_sensor_post": -273.20796161312285,
      "M_e_pre": -383.2077359564562,
      "M_e_post": -0.001986097221703176,
      "U_exp": 0.06073206915635342,
      "uA_ref": 0.004691771804946434,
      "uA_sensor": 0.0,
      "u_fitting": 0.024591944644298015
    }
  ]
}