{
  "model": "steinhart",
  "timestamp": "2026-06-25T00:44:48.028602+00:00",
  "lsb_per_y": 451.9655172413793,
  "fit_quality": {
    "rmse": 0.024591944644298015,
    "u_fitting": 0.024591944644298015,
    "rmse_pre": 0.01944163929219026
  },
  "reference": {
    "ub_ref_y": 0.15
  },
  "sensor": {
    "ub_sensor_lsb": 0.3,
    "ub_sensor_lsb_per_step": [
      0.3,
      0.3,
      0.3,
      0.3,
      0.3,
      0.3,
      0.3,
      0.3
    ]
  },
  "expanded_uncertainties": [
    11.65447213822273,
    27.86558846537784,
    56.992287796920486,
    131.84096333948082,
    323.1178981722797,
    760.7377680086172,
    1079.3461816572915,
    2127.392723841971
  ],
  "temp_nominali": [
    -20.0,
    -10.0,
    0.0,
    25.0,
    50.0,
    75.0,
    100.0,
    110.0
  ],
  "ref_temp_means": [
    -19.999239130434777,
    -10.0000090625,
    -0.000506071428571428,
    25.000575086666668,
    49.9991384375,
    74.99979076923077,
    100.00059495666666,
    109.99977434333331
  ],
  "coefficients": {
    "a": 0.005944072038224571,
    "b": -0.00023948131929443675,
    "c": 1.6636576731003505e-09,
    "u_a": 1.535054715099553,
    "u_b": 0.2120926562666402,
    "u_c": 0.0005520245535459223,
    "cov_theta": [
      [
        2.35639297834937,
        -0.324596229980671,
        0.0008311356896565309
      ],
      [
        -0.324596229980671,
        0.044983294842239195,
        -0.00011618512956092247
      ],
      [
        0.0008311356896565309,
        -0.00011618512956092247,
        3.0473110771757486e-07
      ]
    ]
  },
  "old_coefficients": {
    "a": 0.005944072038224571,
    "b": -0.00023948131929443675,
    "c": 1.6636576731003505e-09
  },
  "preprocessing": {
    "formula": null,
    "R_arr": [
      4139.66813232088,
      7777.3759162338565,
      13912.959728444537,
      50132.71274660881,
      148815.3226324703,
      377738.4467762582,
      845622.7644857623,
      1133758.42167275
    ],
    "ln_R_arr": [
      8.328370902331123,
      8.958974274447653,
      9.540576039310594,
      10.822429023028592,
      11.91046137076018,
      12.841957295355584,
      13.647828634280058,
      13.941048708540675
    ],
    "T_K_arr": [
      253.1507608695652,
      263.1499909375,
      273.1494939285714,
      298.15057508666666,
      323.14913843749997,
      348.1497907692308,
      373.1505949566666,
      383.1497743433333
    ]
  },
  "calibration_points": [
    {
      "point": 1,
      "t_nominal": -20.0,
      "T_ref": -19.999239130434777,
      "T_sensor_post": -20.0202937364121,
      "M_e_pre": -0.021054605977322893,
      "M_e_post": -0.021054605977322893,
      "U_exp": 11.65447213822273,
      "uA_ref": 0.0028493784540361603,
      "uA_sensor": 5.817522403437941,
      "u_fitting": 0.024591944644298015
    },
    {
      "point": 2,
      "t_nominal": -10.0,
      "T_ref": -10.0000090625,
      "T_sensor_post": -9.975577630019473,
      "M_e_pre": 0.024431432480527704,
      "M_e_post": 0.024431432480527704,
      "U_exp": 27.86558846537784,
      "uA_ref": 0.0011562369115249746,
      "uA_sensor": 13.928734638217259,
      "u_fitting": 0.024591944644298015
    },
    {
      "point": 3,
      "t_nominal": 0.0,
      "T_ref": -0.000506071428571428,
      "T_sensor_post": 0.01978032617523695,
      "M_e_pre": 0.02028639760380838,
      "M_e_post": 0.02028639760380838,
      "U_exp": 56.992287796920486,
      "uA_ref": 0.001937708385005809,
      "uA_sensor": 28.494159193689967,
      "u_fitting": 0.024591944644298015
    },
    {
      "point": 4,
      "t_nominal": 25.0,
      "T_ref": 25.000575086666668,
      "T_sensor_post": 24.9649057369229,
      "M_e_pre": -0.03566934974376679,
      "M_e_post": -0.03566934974376679,
      "U_exp": 131.84096333948082,
      "uA_ref": 0.004562850741118498,
      "uA_sensor": 65.91962361527318,
      "u_fitting": 0.024591944644298015
    },
    {
      "point": 5,
      "t_nominal": 50.0,
      "T_ref": 49.9991384375,
      "T_sensor_post": 49.998765317492825,
      "M_e_pre": -0.000373120007175487,
      "M_e_post": -0.000373120007175487,
      "U_exp": 323.1178981722797,
      "uA_ref": 0.0024806264631616953,
      "uA_sensor": 161.55859902367536,
      "u_fitting": 0.024591944644298015
    },
    {
      "point": 6,
      "t_nominal": 75.0,
      "T_ref": 74.99979076923077,
      "T_sensor_post": 75.01680265356612,
      "M_e_pre": 0.017011884335346394,
      "M_e_post": 0.017011884335346394,
      "U_exp": 760.7377680086172,
      "uA_ref": 0.00222089724347522,
      "uA_sensor": 380.3687353195305,
      "u_fitting": 0.024591944644298015
    },
    {
      "point": 7,
      "t_nominal": 100.0,
      "T_ref": 100.00059495666666,
      "T_sensor_post": 99.99808518918854,
      "M_e_pre": -0.002509767478116487,
      "M_e_post": -0.002509767478116487,
      "U_exp": 1079.3461816572915,
      "uA_ref": 0.0049369381695117745,
      "uA_sensor": 539.6729860156044,
      "u_fitting": 0.024591944644298015
    },
    {
      "point": 8,
      "t_nominal": 110.0,
      "T_ref": 109.99977434333331,
      "T_sensor_post": 109.99778824611161,
      "M_e_pre": -0.001986097221703176,
      "M_e_post": -0.001986097221703176,
      "U_exp": 2127.392723841971,
      "uA_ref": 0.004691771804946434,
      "uA_sensor": 1063.696308744538,
      "u_fitting": 0.024591944644298015
    }
  ]
}