{
  "model": "cubic",
  "timestamp": "2026-06-15T13:52:13.469108+00:00",
  "lsb_per_y": 451.9655172413793,
  "fit_quality": {
    "rmse": 11.601651618106933,
    "u_fitting": 0.032,
    "rmse_pre": 34.54925011925482
  },
  "reference": {
    "ub_ref_y": 0.15
  },
  "sensor": {
    "ub_sensor_lsb": 2.9,
    "ub_sensor_lsb_per_step": [
      2.9,
      2.9,
      2.9,
      2.9,
      2.9,
      2.9,
      2.9,
      2.9
    ]
  },
  "expanded_uncertainties": [
    0.3388428806342622,
    0.30753056555323066,
    0.3071220965542698,
    0.3305492206356759,
    0.31164287739811763,
    0.309283820749026,
    0.3075205768733041,
    0.3071276630366887
  ],
  "temp_nominali": [
    -20.0,
    -10.0,
    0.0,
    25.0,
    50.0,
    75.0,
    100.0,
    110.0
  ],
  "ref_temp_means": [
    -19.999239130434777,
    -10.0000090625,
    -0.000506071428571428,
    25.000575086666668,
    49.9991384375,
    74.99979076923077,
    100.00059495666666,
    109.99977434333331
  ],
  "coefficients": {
    "a0": -217.76417448001905,
    "a1": 0.018313468416605368,
    "a2": -5.135646120399436e-07,
    "a3": 4.716858103431308e-12,
    "u_a0": 1.539022543162422,
    "u_a1": 0.0001269575769702564,
    "u_a2": 3.228688021852389e-09,
    "u_a3": 2.552736772139164e-14,
    "cov_theta": [
      [
        2.3685903883621293,
        -0.00019308033859537585,
        4.781019526383351e-09,
        -3.664480527944775e-14
      ],
      [
        -0.00019308033859537585,
        1.6118226350158575e-08,
        -4.065201276231638e-13,
        3.1578322565779998e-18
      ],
      [
        4.781019526383351e-09,
        -4.065201276231638e-13,
        1.0424426342453091e-17,
        -8.201298923113045e-23
      ],
      [
        -3.664480527944775e-14,
        3.1578322565779998e-18,
        -8.201298923113045e-23,
        6.516465027831477e-28
      ]
    ]
  },
  "old_coefficients": {
    "a0": null,
    "a1": null,
    "a2": null,
    "a3": null
  },
  "calibration_points": [
    {
      "point": 1,
      "t_nominal": -20.0,
      "T_ref": -19.999239130434777,
      "T_sensor_post": -22.141727674589184,
      "M_e_pre": 22.4449118227565,
      "M_e_post": -2.142488544154407,
      "U_exp": 0.3388428806342622,
      "uA_ref": 0.0028493784540361603,
      "uA_sensor": 0.07191034369558436,
      "ub_uso": 0.032006373601828446,
      "u_fitting": 0.032
    },
    {
      "point": 2,
      "t_nominal": -10.0,
      "T_ref": -10.0000090625,
      "T_sensor_post": -3.7095632681189414,
      "M_e_pre": 33.36704026004711,
      "M_e_post": 6.290445794381059,
      "U_exp": 0.30753056555323066,
      "uA_ref": 0.0011562369115249746,
      "uA_sensor": 0.010863579172495846,
      "ub_uso": 0.032006373601828446,
      "u_fitting": 0.032
    },
    {
      "point": 3,
      "t_nominal": 0.0,
      "T_ref": -0.000506071428571428,
      "T_sensor_post": -4.645931233011368,
      "M_e_pre": 44.31118696713314,
      "M_e_post": -4.645425161582796,
      "U_exp": 0.3071220965542698,
      "uA_ref": 0.001937708385005809,
      "uA_sensor": 0.00726862318788214,
      "ub_uso": 0.032006373601828446,
      "u_fitting": 0.032
    },
    {
      "point": 4,
      "t_nominal": 25.0,
      "T_ref": 25.000575086666668,
      "T_sensor_post": 19.09207190894972,
      "M_e_pre": 55.899956957279315,
      "M_e_post": -5.908503177716948,
      "U_exp": 0.3305492206356759,
      "uA_ref": 0.004562850741118498,
      "uA_sensor": 0.061404146909534,
      "ub_uso": 0.032006373601828446,
      "u_fitting": 0.032
    },
    {
      "point": 5,
      "t_nominal": 50.0,
      "T_ref": 49.9991384375,
      "T_sensor_post": 62.466398864232815,
      "M_e_pre": 45.86849699585624,
      "M_e_post": 12.467260426732814,
      "U_exp": 0.31164287739811763,
      "uA_ref": 0.0024806264631616953,
      "uA_sensor": 0.027381732952006348,
      "ub_uso": 0.032006373601828446,
      "u_fitting": 0.032
    },
    {
      "point": 6,
      "t_nominal": 75.0,
      "T_ref": 74.99979076923077,
      "T_sensor_post": 85.61200448032878,
      "M_e_pre": 26.26157658291814,
      "M_e_post": 10.612213711098008,
      "U_exp": 0.309283820749026,
      "uA_ref": 0.00222089724347522,
      "uA_sensor": 0.01961581271762685,
      "ub_uso": 0.032006373601828446,
      "u_fitting": 0.032
    },
    {
      "point": 7,
      "t_nominal": 100.0,
      "T_ref": 100.00059495666666,
      "T_sensor_post": 95.58101183162808,
      "M_e_pre": 3.3065942628343663,
      "M_e_post": -4.419583125038585,
      "U_exp": 0.3075205768733041,
      "uA_ref": 0.0049369381695117745,
      "uA_sensor": 0.009666694910517781,
      "ub_uso": 0.032006373601828446,
      "u_fitting": 0.032
    },
    {
      "point": 8,
      "t_nominal": 110.0,
      "T_ref": 109.99977434333331,
      "T_sensor_post": 97.74585441998897,
      "M_e_pre": -6.2659845846801545,
      "M_e_post": -12.253919923344341,
      "U_exp": 0.3071276630366887,
      "uA_ref": 0.004691771804946434,
      "uA_sensor": 0.005952283325325049,
      "ub_uso": 0.032006373601828446,
      "u_fitting": 0.032
    }
  ]
}