{
  "model": "cubic",
  "timestamp": "2026-06-16T17:02:07.333382+00:00",
  "lsb_per_y": 451.9655172413793,
  "fit_quality": {
    "rmse": 1.8444277171205676,
    "u_fitting": 1.8444277171205676,
    "rmse_pre": 1.30803547422737
  },
  "reference": {
    "ub_ref_y": 0.15
  },
  "sensor": {
    "ub_sensor_lsb": 2.9,
    "ub_sensor_lsb_per_step": [
      2.9,
      2.9,
      2.9,
      2.9,
      2.9,
      2.9,
      2.9,
      2.9
    ]
  },
  "expanded_uncertainties": [
    0.30122043890284167,
    0.3027038365548336,
    0.30708558351887016,
    0.30619059342310867,
    0.3026497874200097,
    0.30953279718230936,
    0.3065747677750508,
    0.3032159133441983
  ],
  "temp_nominali": [
    -20.0,
    -10.0,
    0.0,
    25.0,
    50.0,
    75.0,
    100.0,
    110.0
  ],
  "ref_temp_means": [
    -19.999239130434777,
    -10.0000090625,
    -0.000506071428571428,
    25.000575086666668,
    49.9991384375,
    74.99979076923077,
    100.00059495666666,
    109.99977434333331
  ],
  "units": {
    "ref_temp_means": "\\si[]{\\degree_Celsius}",
    "expanded_uncertainties": "\\si[]{\\degree_Celsius}",
    "a0": "\\si[]{\\degree_Celsius}",
    "a1": "\\si[]{\\degree_Celsius}",
    "a2": "\\si[]{\\degree_Celsius}",
    "a3": "\\si[]{\\degree_Celsius}"
  },
  "coefficients": {
    "a0": -29.335209193678168,
    "a1": 0.004350349236406231,
    "a2": -1.0942774815830457e-07,
    "a3": 1.249146827150541e-12,
    "u_a0": 0.17634292126261494,
    "u_a1": 3.303384569977112e-05,
    "u_a2": 1.275157511152768e-09,
    "u_a3": 1.3250967115995818e-14,
    "cov_theta": [
      [
        0.03109682587943281,
        -5.048256201909926e-06,
        1.7591032432622051e-10,
        -1.6885547875908996e-15
      ],
      [
        -5.048256201909926e-06,
        1.0912349617162868e-09,
        -4.107968431977102e-14,
        4.091547197134715e-19
      ],
      [
        1.7591032432622051e-10,
        -4.107968431977102e-14,
        1.6260266782493215e-18,
        -1.6719733167879665e-23
      ],
      [
        -1.6885547875908996e-15,
        4.091547197134715e-19,
        -1.6719733167879665e-23,
        1.755881295092025e-28
      ]
    ]
  },
  "old_coefficients": {
    "a0": -29.23520919367817,
    "a1": 0.004350349236406231,
    "a2": -1.0942774815830457e-07,
    "a3": 1.249146827150541e-12
  },
  "calibration_points": [
    {
      "point": 1,
      "t_nominal": -20.0,
      "T_ref": -19.999239130434777,
      "T_sensor_post": -18.72228541382735,
      "M_e_pre": 1.376953716607428,
      "M_e_post": 1.2769537166074265,
      "U_exp": 0.30122043890284167,
      "uA_ref": 0.0028493784540361603,
      "uA_sensor": 0.013225403377250741,
      "ub_uso": 1.8444278277107318,
      "u_fitting": 1.8444277171205676
    },
    {
      "point": 2,
      "t_nominal": -10.0,
      "T_ref": -10.0000090625,
      "T_sensor_post": -11.100914643825892,
      "M_e_pre": -1.0009055813258936,
      "M_e_post": -1.1009055813258914,
      "U_exp": 0.3027038365548336,
      "uA_ref": 0.0011562369115249746,
      "uA_sensor": 0.02014096152914435,
      "ub_uso": 1.8444278277107318,
      "u_fitting": 1.8444277171205676
    },
    {
      "point": 3,
      "t_nominal": 0.0,
      "T_ref": -0.000506071428571428,
      "T_sensor_post": -0.9065044235446916,
      "M_e_pre": -0.8059983521161224,
      "M_e_post": -0.9059983521161202,
      "U_exp": 0.30708558351887016,
      "uA_ref": 0.001937708385005809,
      "uA_sensor": 0.03272959267018315,
      "ub_uso": 1.8444278277107318,
      "u_fitting": 1.8444277171205676
    },
    {
      "point": 4,
      "t_nominal": 25.0,
      "T_ref": 25.000575086666668,
      "T_sensor_post": 26.570839232543854,
      "M_e_pre": 1.67026414587718,
      "M_e_post": 1.5702641458771858,
      "U_exp": 0.30619059342310867,
      "uA_ref": 0.004562850741118498,
      "uA_sensor": 0.030281055417097226,
      "ub_uso": 1.8444278277107318,
      "u_fitting": 1.8444277171205676
    },
    {
      "point": 5,
      "t_nominal": 50.0,
      "T_ref": 49.9991384375,
      "T_sensor_post": 48.27761746263444,
      "M_e_pre": -1.6215209748655681,
      "M_e_post": -1.7215209748655624,
      "U_exp": 0.3026497874200097,
      "uA_ref": 0.0024806264631616953,
      "uA_sensor": 0.01981570078384079,
      "ub_uso": 1.8444278277107318,
      "u_fitting": 1.8444277171205676
    },
    {
      "point": 6,
      "t_nominal": 75.0,
      "T_ref": 74.99979076923077,
      "T_sensor_post": 76.05973866491556,
      "M_e_pre": 1.1599478956847804,
      "M_e_post": 1.059947895684786,
      "U_exp": 0.30953279718230936,
      "uA_ref": 0.00222089724347522,
      "uA_sensor": 0.03804336732165369,
      "ub_uso": 1.8444278277107318,
      "u_fitting": 1.8444277171205676
    },
    {
      "point": 7,
      "t_nominal": 100.0,
      "T_ref": 100.00059495666666,
      "T_sensor_post": 101.21033766477845,
      "M_e_pre": 1.3097427081117843,
      "M_e_post": 1.20974270811179,
      "U_exp": 0.3065747677750508,
      "uA_ref": 0.0049369381695117745,
      "uA_sensor": 0.031180775318330228,
      "ub_uso": 1.8444278277107318,
      "u_fitting": 1.8444277171205676
    },
    {
      "point": 8,
      "t_nominal": 110.0,
      "T_ref": 109.99977434333331,
      "T_sensor_post": 108.61129078519679,
      "M_e_pre": -1.2884835581365337,
      "M_e_post": -1.388483558136528,
      "U_exp": 0.3032159133441983,
      "uA_ref": 0.004691771804946434,
      "uA_sensor": 0.021507018679481894,
      "ub_uso": 1.8444278277107318,
      "u_fitting": 1.8444277171205676
    }
  ]
}